Tamanho_N,Metodo,Run,Tempo_s
250,LU,1,0.0125321
250,Cholesky,1,0.00575508
250,Gauss-Seidel,1,0.00111278
250,SOR,1,0.00403164
250,Gradientes Conjugados,1,0.000612123
250,LU,2,0.0080319
250,Cholesky,2,0.00723275
250,Gauss-Seidel,2,0.00125812
250,SOR,2,0.004816
250,Gradientes Conjugados,2,0.000684038
250,LU,3,0.00202815
250,Cholesky,3,0.0128013
250,Gauss-Seidel,3,0.00206116
250,SOR,3,0.0058516
250,Gradientes Conjugados,3,0.000772704
250,LU,4,0.00240766
250,Cholesky,4,0.017489
250,Gauss-Seidel,4,0.00303214
250,SOR,4,0.00487812
250,Gradientes Conjugados,4,0.000725856
250,LU,5,0.0021632
250,Cholesky,5,0.0108238
250,Gauss-Seidel,5,0.00477963
250,SOR,5,0.00825413
250,Gradientes Conjugados,5,0.00062678
250,LU,6,0.00549769
250,Cholesky,6,0.00983169
250,Gauss-Seidel,6,0.00117993
250,SOR,6,0.00405308
250,Gradientes Conjugados,6,0.000548091
250,LU,7,0.00174427
250,Cholesky,7,0.00226729
250,Gauss-Seidel,7,0.000578799
250,SOR,7,0.00234948
250,Gradientes Conjugados,7,0.000364767
250,LU,8,0.00132971
250,Cholesky,8,0.00197527
250,Gauss-Seidel,8,0.00053685
250,SOR,8,0.00240724
250,Gradientes Conjugados,8,0.000383161
250,LU,9,0.00136505
250,Cholesky,9,0.00204753
250,Gauss-Seidel,9,0.00055783
250,SOR,9,0.00250852
250,Gradientes Conjugados,9,0.000383572
250,LU,10,0.00140547
250,Cholesky,10,0.00211338
250,Gauss-Seidel,10,0.00056295
250,SOR,10,0.00250528
250,Gradientes Conjugados,10,0.000394502
500,LU,1,0.0110882
500,Cholesky,1,0.0179827
500,Gauss-Seidel,1,0.00233664
500,SOR,1,0.0104725
500,Gradientes Conjugados,1,0.00143086
500,LU,2,0.0115524
500,Cholesky,2,0.0180623
500,Gauss-Seidel,2,0.00234999
500,SOR,2,0.0104844
500,Gradientes Conjugados,2,0.00149461
500,LU,3,0.0116842
500,Cholesky,3,0.0176953
500,Gauss-Seidel,3,0.00244109
500,SOR,3,0.0105354
500,Gradientes Conjugados,3,0.00141334
500,LU,4,0.0117097
500,Cholesky,4,0.0176483
500,Gauss-Seidel,4,0.00236103
500,SOR,4,0.0105624
500,Gradientes Conjugados,4,0.00145051
500,LU,5,0.0116368
500,Cholesky,5,0.0177463
500,Gauss-Seidel,5,0.00240409
500,SOR,5,0.0104156
500,Gradientes Conjugados,5,0.00142694
500,LU,6,0.0116931
500,Cholesky,6,0.0174091
500,Gauss-Seidel,6,0.00232717
500,SOR,6,0.010403
500,Gradientes Conjugados,6,0.00143472
500,LU,7,0.0115577
500,Cholesky,7,0.017581
500,Gauss-Seidel,7,0.00240304
500,SOR,7,0.0109925
500,Gradientes Conjugados,7,0.00150025
500,LU,8,0.0120083
500,Cholesky,8,0.0178423
500,Gauss-Seidel,8,0.00236281
500,SOR,8,0.0105169
500,Gradientes Conjugados,8,0.00142139
500,LU,9,0.0116975
500,Cholesky,9,0.0176624
500,Gauss-Seidel,9,0.00230892
500,SOR,9,0.0103152
500,Gradientes Conjugados,9,0.00142014
500,LU,10,0.0115551
500,Cholesky,10,0.0175821
500,Gauss-Seidel,10,0.00232493
500,SOR,10,0.0103745
500,Gradientes Conjugados,10,0.00139825
750,LU,1,0.0620708
750,Cholesky,1,0.0610936
750,Gauss-Seidel,1,0.00550898
750,SOR,1,0.0279403
750,Gradientes Conjugados,1,0.00346189
750,LU,2,0.0507898
750,Cholesky,2,0.0588227
750,Gauss-Seidel,2,0.00502575
750,SOR,2,0.0280445
750,Gradientes Conjugados,2,0.00346665
750,LU,3,0.0558133
750,Cholesky,3,0.0593346
750,Gauss-Seidel,3,0.00495098
750,SOR,3,0.0281202
750,Gradientes Conjugados,3,0.00356186
750,LU,4,0.0490834
750,Cholesky,4,0.0585169
750,Gauss-Seidel,4,0.00489374
750,SOR,4,0.0271277
750,Gradientes Conjugados,4,0.00385309
750,LU,5,0.0550764
750,Cholesky,5,0.0600173
750,Gauss-Seidel,5,0.00514808
750,SOR,5,0.02843
750,Gradientes Conjugados,5,0.00356712
750,LU,6,0.0502056
750,Cholesky,6,0.0586203
750,Gauss-Seidel,6,0.00487768
750,SOR,6,0.0275368
750,Gradientes Conjugados,6,0.00359617
750,LU,7,0.0647041
750,Cholesky,7,0.060869
750,Gauss-Seidel,7,0.00562997
750,SOR,7,0.0279666
750,Gradientes Conjugados,7,0.00355093
750,LU,8,0.0487467
750,Cholesky,8,0.0585465
750,Gauss-Seidel,8,0.00496263
750,SOR,8,0.0345047
750,Gradientes Conjugados,8,0.00620441
750,LU,9,0.0771
750,Cholesky,9,0.0646844
750,Gauss-Seidel,9,0.0053068
750,SOR,9,0.0287619
750,Gradientes Conjugados,9,0.00359671
750,LU,10,0.049432
750,Cholesky,10,0.0592995
750,Gauss-Seidel,10,0.00505656
750,SOR,10,0.0293113
750,Gradientes Conjugados,10,0.00432711
1000,LU,1,0.259533
1000,Cholesky,1,0.155518
1000,Gauss-Seidel,1,0.0092015
1000,SOR,1,0.0490128
1000,Gradientes Conjugados,1,0.00525227
1000,LU,2,0.256258
1000,Cholesky,2,0.151512
1000,Gauss-Seidel,2,0.00921952
1000,SOR,2,0.0492562
1000,Gradientes Conjugados,2,0.00528485
1000,LU,3,0.257388
1000,Cholesky,3,0.15385
1000,Gauss-Seidel,3,0.00953493
1000,SOR,3,0.049577
1000,Gradientes Conjugados,3,0.00531204
1000,LU,4,0.262747
1000,Cholesky,4,0.153698
1000,Gauss-Seidel,4,0.00922364
1000,SOR,4,0.0495234
1000,Gradientes Conjugados,4,0.00534285
1000,LU,5,0.273469
1000,Cholesky,5,0.154272
1000,Gauss-Seidel,5,0.00944591
1000,SOR,5,0.0496646
1000,Gradientes Conjugados,5,0.00526319
1000,LU,6,0.260933
1000,Cholesky,6,0.173259
1000,Gauss-Seidel,6,0.0122554
1000,SOR,6,0.0609348
1000,Gradientes Conjugados,6,0.00702689
1000,LU,7,0.279774
1000,Cholesky,7,0.159475
1000,Gauss-Seidel,7,0.00945752
1000,SOR,7,0.0507324
1000,Gradientes Conjugados,7,0.00545175
1000,LU,8,0.265835
1000,Cholesky,8,0.155139
1000,Gauss-Seidel,8,0.00931668
1000,SOR,8,0.0505153
1000,Gradientes Conjugados,8,0.00541366
1000,LU,9,0.26677
1000,Cholesky,9,0.158345
1000,Gauss-Seidel,9,0.0116077
1000,SOR,9,0.0566693
1000,Gradientes Conjugados,9,0.00587666
1000,LU,10,0.290973
1000,Cholesky,10,0.162302
1000,Gauss-Seidel,10,0.00934562
1000,SOR,10,0.0506779
1000,Gradientes Conjugados,10,0.00548709
1500,LU,1,1.0359
1500,Cholesky,1,0.593834
1500,Gauss-Seidel,1,0.0230517
1500,SOR,1,0.138652
1500,Gradientes Conjugados,1,0.0124197
1500,LU,2,1.13429
1500,Cholesky,2,0.569488
1500,Gauss-Seidel,2,0.0216284
1500,SOR,2,0.111129
1500,Gradientes Conjugados,2,0.0122816
1500,LU,3,0.989781
1500,Cholesky,3,0.562653
1500,Gauss-Seidel,3,0.0215534
1500,SOR,3,0.110924
1500,Gradientes Conjugados,3,0.0122471
1500,LU,4,1.07817
1500,Cholesky,4,0.621883
1500,Gauss-Seidel,4,0.0220342
1500,SOR,4,0.112879
1500,Gradientes Conjugados,4,0.0124459
1500,LU,5,1.02948
1500,Cholesky,5,0.568337
1500,Gauss-Seidel,5,0.0214815
1500,SOR,5,0.111815
1500,Gradientes Conjugados,5,0.0124796
1500,LU,6,1.10397
1500,Cholesky,6,0.641613
1500,Gauss-Seidel,6,0.0222912
1500,SOR,6,0.115483
1500,Gradientes Conjugados,6,0.012709
1500,LU,7,1.16008
1500,Cholesky,7,0.629143
1500,Gauss-Seidel,7,0.021423
1500,SOR,7,0.10965
1500,Gradientes Conjugados,7,0.0121662
1500,LU,8,1.02273
1500,Cholesky,8,0.546799
1500,Gauss-Seidel,8,0.0202448
1500,SOR,8,0.104158
1500,Gradientes Conjugados,8,0.0115025
1500,LU,9,1.00559
1500,Cholesky,9,0.599692
1500,Gauss-Seidel,9,0.0231255
1500,SOR,9,0.11053
1500,Gradientes Conjugados,9,0.0121025
1500,LU,10,1.04534
1500,Cholesky,10,0.570513
1500,Gauss-Seidel,10,0.0222722
1500,SOR,10,0.111791
1500,Gradientes Conjugados,10,0.0122026
2000,LU,1,2.66548
2000,Cholesky,1,1.30594
2000,Gauss-Seidel,1,0.0369684
2000,SOR,1,0.190072
2000,Gradientes Conjugados,1,0.0204294
2000,LU,2,2.45542
2000,Cholesky,2,1.32457
2000,Gauss-Seidel,2,0.0379225
2000,SOR,2,0.193087
2000,Gradientes Conjugados,2,0.0208368
2000,LU,3,2.46228
2000,Cholesky,3,1.30447
2000,Gauss-Seidel,3,0.0366337
2000,SOR,3,0.189408
2000,Gradientes Conjugados,3,0.0206325
2000,LU,4,2.44857
2000,Cholesky,4,1.30242
2000,Gauss-Seidel,4,0.0369551
2000,SOR,4,0.189074
2000,Gradientes Conjugados,4,0.0209389
2000,LU,5,2.47501
2000,Cholesky,5,1.30494
2000,Gauss-Seidel,5,0.0372746
2000,SOR,5,0.188652
2000,Gradientes Conjugados,5,0.0208334
2000,LU,6,2.44448
2000,Cholesky,6,1.31828
2000,Gauss-Seidel,6,0.0373034
2000,SOR,6,0.189627
2000,Gradientes Conjugados,6,0.0210564
2000,LU,7,2.49726
2000,Cholesky,7,1.45222
2000,Gauss-Seidel,7,0.0393448
2000,SOR,7,0.20554
2000,Gradientes Conjugados,7,0.0226076
2000,LU,8,2.51671
2000,Cholesky,8,1.38309
2000,Gauss-Seidel,8,0.0378219
2000,SOR,8,0.195587
2000,Gradientes Conjugados,8,0.0215555
2000,LU,9,2.53918
2000,Cholesky,9,1.39176
2000,Gauss-Seidel,9,0.0383816
2000,SOR,9,0.209335
2000,Gradientes Conjugados,9,0.0237862
2000,LU,10,2.52724
2000,Cholesky,10,1.41361
2000,Gauss-Seidel,10,0.0381546
2000,SOR,10,0.196369
2000,Gradientes Conjugados,10,0.0213876
2500,LU,1,4.91275
2500,Cholesky,1,2.56661
2500,Gauss-Seidel,1,0.0584003
2500,SOR,1,0.298767
2500,Gradientes Conjugados,1,0.0328579
2500,LU,2,4.8086
2500,Cholesky,2,2.52742
2500,Gauss-Seidel,2,0.0585468
2500,SOR,2,0.298393
2500,Gradientes Conjugados,2,0.0329391
2500,LU,3,5.35427
2500,Cholesky,3,2.80286
2500,Gauss-Seidel,3,0.0589819
2500,SOR,3,0.299607
2500,Gradientes Conjugados,3,0.0338584
2500,LU,4,5.06455
2500,Cholesky,4,2.84194
2500,Gauss-Seidel,4,0.0641872
2500,SOR,4,0.338237
2500,Gradientes Conjugados,4,0.0350009
2500,LU,5,4.90582
2500,Cholesky,5,2.72539
2500,Gauss-Seidel,5,0.0697312
2500,SOR,5,0.339688
2500,Gradientes Conjugados,5,0.0353937
2500,LU,6,5.21685
2500,Cholesky,6,2.83451
2500,Gauss-Seidel,6,0.0670724
2500,SOR,6,0.32644
2500,Gradientes Conjugados,6,0.0371187
2500,LU,7,5.17938
2500,Cholesky,7,2.73159
2500,Gauss-Seidel,7,0.0622142
2500,SOR,7,0.315202
2500,Gradientes Conjugados,7,0.0343988
2500,LU,8,4.8834
2500,Cholesky,8,2.66003
2500,Gauss-Seidel,8,0.0623415
2500,SOR,8,0.313996
2500,Gradientes Conjugados,8,0.0349756
2500,LU,9,4.88874
2500,Cholesky,9,2.63984
2500,Gauss-Seidel,9,0.0614357
2500,SOR,9,0.311432
2500,Gradientes Conjugados,9,0.034343
2500,LU,10,4.91695
2500,Cholesky,10,2.61621
2500,Gauss-Seidel,10,0.0615017
2500,SOR,10,0.307574
2500,Gradientes Conjugados,10,0.033883
3000,LU,1,8.53438
3000,Cholesky,1,4.43134
3000,Gauss-Seidel,1,0.0943336
3000,SOR,1,0.44626
3000,Gradientes Conjugados,1,0.0398938
3000,LU,2,8.47092
3000,Cholesky,2,4.35411
3000,Gauss-Seidel,2,0.0856234
3000,SOR,2,0.435592
3000,Gradientes Conjugados,2,0.0398101
3000,LU,3,8.18172
3000,Cholesky,3,4.38394
3000,Gauss-Seidel,3,0.0863768
3000,SOR,3,0.44072
3000,Gradientes Conjugados,3,0.0404873
3000,LU,4,8.15511
3000,Cholesky,4,4.33043
3000,Gauss-Seidel,4,0.0845017
3000,SOR,4,0.433175
3000,Gradientes Conjugados,4,0.0395989
3000,LU,5,8.15548
3000,Cholesky,5,4.31466
3000,Gauss-Seidel,5,0.0848726
3000,SOR,5,0.432549
3000,Gradientes Conjugados,5,0.0394574
3000,LU,6,8.39206
3000,Cholesky,6,4.4184
3000,Gauss-Seidel,6,0.0870203
3000,SOR,6,0.442376
3000,Gradientes Conjugados,6,0.0405012
3000,LU,7,8.50798
3000,Cholesky,7,4.41161
3000,Gauss-Seidel,7,0.084794
3000,SOR,7,0.427393
3000,Gradientes Conjugados,7,0.0395902
3000,LU,8,8.44519
3000,Cholesky,8,4.40736
3000,Gauss-Seidel,8,0.0829787
3000,SOR,8,0.428808
3000,Gradientes Conjugados,8,0.0394892
3000,LU,9,8.41674
3000,Cholesky,9,4.63628
3000,Gauss-Seidel,9,0.0920522
3000,SOR,9,0.467571
3000,Gradientes Conjugados,9,0.0431451
3000,LU,10,8.37809
3000,Cholesky,10,4.62212
3000,Gauss-Seidel,10,0.0910979
3000,SOR,10,0.471087
3000,Gradientes Conjugados,10,0.0422552
3500,LU,1,13.3601
3500,Cholesky,1,6.88589
3500,Gauss-Seidel,1,0.113052
3500,SOR,1,0.594552
3500,Gradientes Conjugados,1,0.0543218
3500,LU,2,13.3695
3500,Cholesky,2,7.01353
3500,Gauss-Seidel,2,0.117504
3500,SOR,2,0.6034
3500,Gradientes Conjugados,2,0.0559942
3500,LU,3,13.1282
3500,Cholesky,3,7.04397
3500,Gauss-Seidel,3,0.12171
3500,SOR,3,0.613893
3500,Gradientes Conjugados,3,0.0573036
3500,LU,4,13.2788
3500,Cholesky,4,7.03741
3500,Gauss-Seidel,4,0.119639
3500,SOR,4,0.61554
3500,Gradientes Conjugados,4,0.0565507
3500,LU,5,13.5651
3500,Cholesky,5,6.99869
3500,Gauss-Seidel,5,0.11619
3500,SOR,5,0.596228
3500,Gradientes Conjugados,5,0.0551413
3500,LU,6,13.4737
3500,Cholesky,6,7.01829
3500,Gauss-Seidel,6,0.121232
3500,SOR,6,0.621572
3500,Gradientes Conjugados,6,0.0543752
3500,LU,7,13.5942
3500,Cholesky,7,7.0213
3500,Gauss-Seidel,7,0.122104
3500,SOR,7,0.622068
3500,Gradientes Conjugados,7,0.0584302
3500,LU,8,13.3418
3500,Cholesky,8,7.02908
3500,Gauss-Seidel,8,0.119819
3500,SOR,8,0.612417
3500,Gradientes Conjugados,8,0.0559791
3500,LU,9,13.2668
3500,Cholesky,9,6.91809
3500,Gauss-Seidel,9,0.117934
3500,SOR,9,0.603424
3500,Gradientes Conjugados,9,0.0554769
3500,LU,10,12.771
3500,Cholesky,10,6.82126
3500,Gauss-Seidel,10,0.11725
3500,SOR,10,0.599279
3500,Gradientes Conjugados,10,0.0551719
4000,LU,1,18.7861
4000,Cholesky,1,10.4161
4000,Gauss-Seidel,1,0.124342
4000,SOR,1,0.787672
4000,Gradientes Conjugados,1,0.0713605
4000,LU,2,19.6657
4000,Cholesky,2,10.3458
4000,Gauss-Seidel,2,0.123476
4000,SOR,2,0.783754
4000,Gradientes Conjugados,2,0.07162
4000,LU,3,19.7065
4000,Cholesky,3,10.2449
4000,Gauss-Seidel,3,0.154727
4000,SOR,3,0.7814
4000,Gradientes Conjugados,3,0.0719336
4000,LU,4,19.8712
4000,Cholesky,4,10.3909
4000,Gauss-Seidel,4,0.156817
4000,SOR,4,0.803189
4000,Gradientes Conjugados,4,0.0740072
4000,LU,5,19.5387
4000,Cholesky,5,10.357
4000,Gauss-Seidel,5,0.166383
4000,SOR,5,0.79705
4000,Gradientes Conjugados,5,0.073671
4000,LU,6,20.0168
4000,Cholesky,6,10.4626
4000,Gauss-Seidel,6,0.159281
4000,SOR,6,0.806051
4000,Gradientes Conjugados,6,0.0737949
4000,LU,7,19.5519
4000,Cholesky,7,10.4398
4000,Gauss-Seidel,7,0.126852
4000,SOR,7,0.808442
4000,Gradientes Conjugados,7,0.0742804
4000,LU,8,19.5913
4000,Cholesky,8,10.3936
4000,Gauss-Seidel,8,0.158174
4000,SOR,8,0.802909
4000,Gradientes Conjugados,8,0.0735545
4000,LU,9,19.7667
4000,Cholesky,9,10.4139
4000,Gauss-Seidel,9,0.154908
4000,SOR,9,0.799411
4000,Gradientes Conjugados,9,0.0734972
4000,LU,10,19.9503
4000,Cholesky,10,10.5149
4000,Gauss-Seidel,10,0.160119
4000,SOR,10,0.817559
4000,Gradientes Conjugados,10,0.0748818
4500,LU,1,28.312
4500,Cholesky,1,15.5296
4500,Gauss-Seidel,1,0.170808
4500,SOR,1,1.07279
4500,Gradientes Conjugados,1,0.0992572
4500,LU,2,28.7457
4500,Cholesky,2,15.3629
4500,Gauss-Seidel,2,0.163822
4500,SOR,2,1.09811
4500,Gradientes Conjugados,2,0.0936415
4500,LU,3,28.6883
4500,Cholesky,3,14.6467
4500,Gauss-Seidel,3,0.162062
4500,SOR,3,1.00972
4500,Gradientes Conjugados,3,0.092386
4500,LU,4,28.4987
4500,Cholesky,4,14.6207
4500,Gauss-Seidel,4,0.158704
4500,SOR,4,1.00338
4500,Gradientes Conjugados,4,0.0921337
4500,LU,5,28.9721
4500,Cholesky,5,14.7278
4500,Gauss-Seidel,5,0.161001
4500,SOR,5,1.00968
4500,Gradientes Conjugados,5,0.0948339
4500,LU,6,28.5544
4500,Cholesky,6,14.7675
4500,Gauss-Seidel,6,0.164894
4500,SOR,6,1.04798
4500,Gradientes Conjugados,6,0.0941793
4500,LU,7,28.8757
4500,Cholesky,7,14.9569
4500,Gauss-Seidel,7,0.1635
4500,SOR,7,1.03014
4500,Gradientes Conjugados,7,0.0986118
4500,LU,8,28.664
4500,Cholesky,8,14.6639
4500,Gauss-Seidel,8,0.162169
4500,SOR,8,1.02867
4500,Gradientes Conjugados,8,0.0937455
4500,LU,9,28.3721
4500,Cholesky,9,14.7217
4500,Gauss-Seidel,9,0.168078
4500,SOR,9,1.04626
4500,Gradientes Conjugados,9,0.0951679
4500,LU,10,28.6061
4500,Cholesky,10,14.9263
4500,Gauss-Seidel,10,0.173263
4500,SOR,10,1.08939
4500,Gradientes Conjugados,10,0.100199
5000,LU,1,38.9423
5000,Cholesky,1,20.0105
5000,Gauss-Seidel,1,0.203085
5000,SOR,1,1.27131
5000,Gradientes Conjugados,1,0.113697
5000,LU,2,38.5275
5000,Cholesky,2,20.1234
5000,Gauss-Seidel,2,0.203945
5000,SOR,2,1.26866
5000,Gradientes Conjugados,2,0.116075
5000,LU,3,38.9659
5000,Cholesky,3,19.9054
5000,Gauss-Seidel,3,0.196467
5000,SOR,3,1.24887
5000,Gradientes Conjugados,3,0.115677
5000,LU,4,38.6034
5000,Cholesky,4,20.9558
5000,Gauss-Seidel,4,0.196552
5000,SOR,4,1.26259
5000,Gradientes Conjugados,4,0.116049
5000,LU,5,38.8895
5000,Cholesky,5,20.006
5000,Gauss-Seidel,5,0.198616
5000,SOR,5,1.25971
5000,Gradientes Conjugados,5,0.114645
5000,LU,6,37.8145
5000,Cholesky,6,19.8597
5000,Gauss-Seidel,6,0.204323
5000,SOR,6,1.25044
5000,Gradientes Conjugados,6,0.114666
5000,LU,7,37.9497
5000,Cholesky,7,20.4085
5000,Gauss-Seidel,7,0.196985
5000,SOR,7,1.24908
5000,Gradientes Conjugados,7,0.113847
5000,LU,8,37.7824
5000,Cholesky,8,19.8341
5000,Gauss-Seidel,8,0.20206
5000,SOR,8,1.24963
5000,Gradientes Conjugados,8,0.114142
5000,LU,9,38.2746
5000,Cholesky,9,20.6443
5000,Gauss-Seidel,9,0.198972
5000,SOR,9,1.24899
5000,Gradientes Conjugados,9,0.114001
5000,LU,10,38.0175
5000,Cholesky,10,19.7255
5000,Gauss-Seidel,10,0.198026
5000,SOR,10,1.25291
5000,Gradientes Conjugados,10,0.11454
5500,LU,1,50.419
5500,Cholesky,1,26.9488
5500,Gauss-Seidel,1,0.247328
5500,SOR,1,1.55999
5500,Gradientes Conjugados,1,0.145716
5500,LU,2,50.0758
5500,Cholesky,2,27.4454
5500,Gauss-Seidel,2,0.251751
5500,SOR,2,1.58734
5500,Gradientes Conjugados,2,0.145849
5500,LU,3,50.3266
5500,Cholesky,3,27.0778
5500,Gauss-Seidel,3,0.248704
5500,SOR,3,1.56279
5500,Gradientes Conjugados,3,0.143712
5500,LU,4,50.549
5500,Cholesky,4,27.5669
5500,Gauss-Seidel,4,0.251331
5500,SOR,4,1.58304
5500,Gradientes Conjugados,4,0.14575
5500,LU,5,50.7088
5500,Cholesky,5,27.9438
5500,Gauss-Seidel,5,0.253195
5500,SOR,5,1.58642
5500,Gradientes Conjugados,5,0.14675
5500,LU,6,50.279
5500,Cholesky,6,27.2993
5500,Gauss-Seidel,6,0.247548
5500,SOR,6,1.57017
5500,Gradientes Conjugados,6,0.144547
5500,LU,7,50.5872
5500,Cholesky,7,27.2996
5500,Gauss-Seidel,7,0.249812
5500,SOR,7,1.56632
5500,Gradientes Conjugados,7,0.139333
5500,LU,8,50.2719
5500,Cholesky,8,25.2616
5500,Gauss-Seidel,8,0.226578
5500,SOR,8,1.43413
5500,Gradientes Conjugados,8,0.13026
5500,LU,9,48.408
5500,Cholesky,9,25.3485
5500,Gauss-Seidel,9,0.225933
5500,SOR,9,1.45451
5500,Gradientes Conjugados,9,0.137266
5500,LU,10,49.3837
5500,Cholesky,10,27.1748
5500,Gauss-Seidel,10,0.245727
5500,SOR,10,1.55387
5500,Gradientes Conjugados,10,0.142793
6000,LU,1,63.203
6000,Cholesky,1,35.2791
6000,Gauss-Seidel,1,0.299308
6000,SOR,1,1.87758
6000,Gradientes Conjugados,1,0.171251
6000,LU,2,64.8613
6000,Cholesky,2,35.4163
6000,Gauss-Seidel,2,0.296623
6000,SOR,2,1.86778
6000,Gradientes Conjugados,2,0.171348
6000,LU,3,64.8523
6000,Cholesky,3,33.9169
6000,Gauss-Seidel,3,0.285728
6000,SOR,3,1.78841
6000,Gradientes Conjugados,3,0.162975
6000,LU,4,65.0471
6000,Cholesky,4,36.288
6000,Gauss-Seidel,4,0.2988
6000,SOR,4,1.89813
6000,Gradientes Conjugados,4,0.173823
6000,LU,5,65.2341
6000,Cholesky,5,34.431
6000,Gauss-Seidel,5,0.282308
6000,SOR,5,1.78106
6000,Gradientes Conjugados,5,0.163144
6000,LU,6,65.5451
6000,Cholesky,6,33.6544
6000,Gauss-Seidel,6,0.285359
6000,SOR,6,1.79213
6000,Gradientes Conjugados,6,0.163032
6000,LU,7,65.7746
6000,Cholesky,7,33.5734
6000,Gauss-Seidel,7,0.280628
6000,SOR,7,1.78892
6000,Gradientes Conjugados,7,0.164522
6000,LU,8,62.824
6000,Cholesky,8,33.3038
6000,Gauss-Seidel,8,0.299559
6000,SOR,8,1.89572
6000,Gradientes Conjugados,8,0.17129
6000,LU,9,65.0459
6000,Cholesky,9,33.6949
6000,Gauss-Seidel,9,0.283861
6000,SOR,9,1.78359
6000,Gradientes Conjugados,9,0.164877
6000,LU,10,65.7088
6000,Cholesky,10,34.3583
6000,Gauss-Seidel,10,0.299743
6000,SOR,10,1.81729
6000,Gradientes Conjugados,10,0.161157
6500,LU,1,85.9925
6500,Cholesky,1,43.4027
6500,Gauss-Seidel,1,0.339532
6500,SOR,1,2.14677
6500,Gradientes Conjugados,1,0.197626
6500,LU,2,82.7235
6500,Cholesky,2,41.926
6500,Gauss-Seidel,2,0.336622
6500,SOR,2,2.09945
6500,Gradientes Conjugados,2,0.192758
6500,LU,3,84.1982
6500,Cholesky,3,42.1705
6500,Gauss-Seidel,3,0.32536
6500,SOR,3,2.07215
6500,Gradientes Conjugados,3,0.193406
6500,LU,4,84.6623
6500,Cholesky,4,42.8053
6500,Gauss-Seidel,4,0.333756
6500,SOR,4,2.14319
6500,Gradientes Conjugados,4,0.199071
6500,LU,5,85.2417
6500,Cholesky,5,44.8811
6500,Gauss-Seidel,5,0.354311
6500,SOR,5,2.20677
6500,Gradientes Conjugados,5,0.202704
6500,LU,6,85.2244
6500,Cholesky,6,45.1147
6500,Gauss-Seidel,6,0.370411
6500,SOR,6,2.46709
6500,Gradientes Conjugados,6,0.224454
6500,LU,7,84.4069
6500,Cholesky,7,44.894
6500,Gauss-Seidel,7,0.351848
6500,SOR,7,2.23553
6500,Gradientes Conjugados,7,0.20459
6500,LU,8,83.6094
6500,Cholesky,8,44.1814
6500,Gauss-Seidel,8,0.350677
6500,SOR,8,2.22448
6500,Gradientes Conjugados,8,0.206658
6500,LU,9,83.2303
6500,Cholesky,9,43.6538
6500,Gauss-Seidel,9,0.338465
6500,SOR,9,2.1494
6500,Gradientes Conjugados,9,0.19781
6500,LU,10,83.1829
6500,Cholesky,10,42.3174
6500,Gauss-Seidel,10,0.333436
6500,SOR,10,2.10983
6500,Gradientes Conjugados,10,0.192654
7000,LU,1,107.359
7000,Cholesky,1,52.6913
7000,Gauss-Seidel,1,0.399591
7000,SOR,1,2.50046
7000,Gradientes Conjugados,1,0.226822
7000,LU,2,110.105
7000,Cholesky,2,53.73
7000,Gauss-Seidel,2,0.377676
7000,SOR,2,2.39917
7000,Gradientes Conjugados,2,0.219161
7000,LU,3,108.422
7000,Cholesky,3,54.1981
7000,Gauss-Seidel,3,0.392459
7000,SOR,3,2.5071
7000,Gradientes Conjugados,3,0.233156
7000,LU,4,108.772
7000,Cholesky,4,54.5086
7000,Gauss-Seidel,4,0.382795
7000,SOR,4,2.46411
7000,Gradientes Conjugados,4,0.227664
7000,LU,5,108.048
7000,Cholesky,5,53.4971
7000,Gauss-Seidel,5,0.415739
7000,SOR,5,2.47128
7000,Gradientes Conjugados,5,0.225226
7000,LU,6,108.105
7000,Cholesky,6,51.6972
7000,Gauss-Seidel,6,0.380658
7000,SOR,6,2.36537
7000,Gradientes Conjugados,6,0.217035
7000,LU,7,100.416
7000,Cholesky,7,51.2614
7000,Gauss-Seidel,7,0.382673
7000,SOR,7,2.33919
7000,Gradientes Conjugados,7,0.213684
7000,LU,8,102.517
7000,Cholesky,8,51.7208
7000,Gauss-Seidel,8,0.380906
7000,SOR,8,2.3991
7000,Gradientes Conjugados,8,0.217382
7000,LU,9,100.602
7000,Cholesky,9,54.6963
7000,Gauss-Seidel,9,0.420755
7000,SOR,9,2.67554
7000,Gradientes Conjugados,9,0.246387
7000,LU,10,107.33
7000,Cholesky,10,53.5028
7000,Gauss-Seidel,10,0.386973
7000,SOR,10,2.48885
7000,Gradientes Conjugados,10,0.224799
7500,LU,1,131.056
7500,Cholesky,1,65.4534
7500,Gauss-Seidel,1,0.465924
7500,SOR,1,2.87328
7500,Gradientes Conjugados,1,0.26503
7500,LU,2,130.898
7500,Cholesky,2,65.8268
7500,Gauss-Seidel,2,0.459098
7500,SOR,2,2.85352
7500,Gradientes Conjugados,2,0.267105
7500,LU,3,132.01
7500,Cholesky,3,68.488
7500,Gauss-Seidel,3,0.472094
7500,SOR,3,2.99253
7500,Gradientes Conjugados,3,0.275908
7500,LU,4,132.884
7500,Cholesky,4,67.9001
7500,Gauss-Seidel,4,0.443925
7500,SOR,4,2.85005
7500,Gradientes Conjugados,4,0.256387
7500,LU,5,131.43
7500,Cholesky,5,65.9297
7500,Gauss-Seidel,5,0.449895
7500,SOR,5,2.8531
7500,Gradientes Conjugados,5,0.2653
7500,LU,6,130.352
7500,Cholesky,6,66.017
7500,Gauss-Seidel,6,0.447043
7500,SOR,6,2.8517
7500,Gradientes Conjugados,6,0.260513
7500,LU,7,127.946
7500,Cholesky,7,64.2171
7500,Gauss-Seidel,7,0.436401
7500,SOR,7,2.78397
7500,Gradientes Conjugados,7,0.254709
7500,LU,8,128.118
7500,Cholesky,8,68.3542
7500,Gauss-Seidel,8,0.462765
7500,SOR,8,2.93767
7500,Gradientes Conjugados,8,0.270421
7500,LU,9,128.454
7500,Cholesky,9,64.7972
7500,Gauss-Seidel,9,0.437098
7500,SOR,9,2.79714
7500,Gradientes Conjugados,9,0.255962
7500,LU,10,128.381
7500,Cholesky,10,68.2696
7500,Gauss-Seidel,10,0.462373
7500,SOR,10,2.90375
7500,Gradientes Conjugados,10,0.257064
